deployment,policy,episodes,fast_slots,avg_total_delay,std_total_delay,avg_compute_delay,avg_transmission_delay,avg_requests_per_slot,infeasible_rate,fixed_trace,total_replicas,min_stage_replicas,max_stage_replicas,avg_node_replicas,max_node_replicas,avg_storage_util,max_storage_util,avg_memory_util,max_memory_util
heuristic,ppo,20.0,20.0,5.330618289597332,3.086118927459843,4.403925902545452,0.9266923870518804,9.9225,0.0,yes,26.0,2.0,2.0,2.5999999046325684,3.0,0.20575690269470215,0.2746067941188812,0.14376714825630188,0.19236323237419128
fixed,ppo,20.0,20.0,5.102510305326432,2.9163210745289803,4.0582298336550595,1.0442804716713727,9.9225,0.0,yes,26.0,2.0,2.0,2.5999999046325684,3.0,0.20575690269470215,0.25576454401016235,0.14376714825630188,0.19177094101905823
random,ppo,20.0,20.0,5.907247447241097,3.4108420512737565,4.88639060344547,1.0208568437956274,9.9225,0.0,yes,26.0,2.0,2.0,2.5999999046325684,5.0,0.20575690269470215,0.3688357472419739,0.14376714825630188,0.27208220958709717
monolithic,ppo,20.0,20.0,10.997199067436158,7.230323786082925,10.546475520282984,0.45072354715317486,9.9225,0.0,yes,13.0,1.0,1.0,1.2999999523162842,4.0,0.10287845134735107,0.2725248336791992,0.07188357412815094,0.21675080060958862
