deployment,policy,episodes,fast_slots,avg_total_delay,std_total_delay,avg_compute_delay,avg_transmission_delay,avg_requests_per_slot,infeasible_rate,fixed_trace,total_replicas,min_stage_replicas,max_stage_replicas,avg_node_replicas,max_node_replicas,avg_storage_util,max_storage_util,avg_memory_util,max_memory_util
heuristic,greedy_delta,20.0,20.0,5.0714340852200985,2.9267019549371254,4.242271030023694,0.8291630551964044,9.9225,0.0,yes,26.0,2.0,2.0,2.5999999046325684,3.0,0.20575690269470215,0.2746067941188812,0.14376714825630188,0.19236323237419128
fixed,greedy_delta,20.0,20.0,4.9396615582238885,2.842844715102577,4.035665439143777,0.9039961190801113,9.9225,0.0,yes,26.0,2.0,2.0,2.5999999046325684,3.0,0.20575690269470215,0.25576454401016235,0.14376714825630188,0.19177094101905823
random,greedy_delta,20.0,20.0,5.676074017798528,3.2173052809362153,4.754306443911045,0.9217675738874823,9.9225,0.0,yes,26.0,2.0,2.0,2.5999999046325684,5.0,0.20575690269470215,0.3688357472419739,0.14376714825630188,0.27208220958709717
monolithic,greedy_delta,20.0,20.0,10.997199067436158,7.230323786082925,10.546475520282984,0.45072354715317486,9.9225,0.0,yes,13.0,1.0,1.0,1.2999999523162842,4.0,0.10287845134735107,0.2725248336791992,0.07188357412815094,0.21675080060958862
