deployment,policy,episodes,fast_slots,avg_total_delay,std_total_delay,avg_compute_delay,avg_transmission_delay,avg_requests_per_slot,infeasible_rate,fixed_trace,total_replicas,min_stage_replicas,max_stage_replicas,avg_node_replicas,max_node_replicas,avg_storage_util,max_storage_util,avg_memory_util,max_memory_util,service_0_share,service_1_share,service_2_share,service_3_share,service_4_share
heuristic,lookahead_delta,10.0,20.0,5.042553889900446,2.956602641078253,3.58617479801178,1.456379091888666,9.985,0.0,yes,26.0,2.0,2.0,2.5999999046325684,3.0,0.19400644302368164,0.2554348111152649,0.13761815428733826,0.18653035163879395,0.24887330996494741,0.2373560340510766,0.15823735603405106,0.15473209814722083,0.20080120180270405
fixed,lookahead_delta,10.0,20.0,4.859279258698225,2.760797585282866,3.405674910992384,1.4536043477058411,9.985,0.0,yes,26.0,2.0,2.0,2.5999999046325684,3.0,0.19400644302368164,0.23823802173137665,0.13761813938617706,0.18131698668003082,0.24887330996494741,0.2373560340510766,0.15823735603405106,0.15473209814722083,0.20080120180270405
random,lookahead_delta,10.0,20.0,5.156753152757883,2.89647911330665,3.61411439538002,1.5426387573778628,9.985,0.0,yes,26.0,2.0,2.0,2.5999999046325684,4.0,0.19400644302368164,0.3300541043281555,0.13761815428733826,0.22484232485294342,0.24887330996494741,0.2373560340510766,0.15823735603405106,0.15473209814722083,0.20080120180270405
monolithic,lookahead_delta,10.0,20.0,10.157776497602462,6.847100103567984,9.087477406263352,1.0702990913391113,9.985,0.0,yes,13.0,1.0,1.0,1.2999999523162842,4.0,0.09700321406126022,0.30769777297973633,0.06880907714366913,0.19943436980247498,0.24887330996494741,0.2373560340510766,0.15823735603405106,0.15473209814722083,0.20080120180270405
