deployment,policy,episodes,fast_slots,avg_total_delay,std_total_delay,avg_compute_delay,avg_transmission_delay,avg_requests_per_slot,infeasible_rate,fixed_trace,total_replicas,min_stage_replicas,max_stage_replicas,avg_node_replicas,max_node_replicas,avg_storage_util,max_storage_util,avg_memory_util,max_memory_util,service_0_share,service_1_share,service_2_share,service_3_share,service_4_share
heuristic,greedy_delta,10.0,20.0,5.103842042386532,2.9947452029312345,3.59096485465765,1.5128771877288818,9.985,0.0,yes,26.0,2.0,2.0,2.5999999046325684,3.0,0.19400644302368164,0.2554348111152649,0.13761815428733826,0.18653035163879395,0.24887330996494741,0.2373560340510766,0.15823735603405106,0.15473209814722083,0.20080120180270405
fixed,greedy_delta,10.0,20.0,4.869985238313675,2.758256326311183,3.399764646291733,1.4702205920219422,9.985,0.0,yes,26.0,2.0,2.0,2.5999999046325684,3.0,0.19400644302368164,0.23823802173137665,0.13761813938617706,0.18131698668003082,0.24887330996494741,0.2373560340510766,0.15823735603405106,0.15473209814722083,0.20080120180270405
random,greedy_delta,10.0,20.0,5.239357293248177,2.935194393340404,3.63447313323617,1.6048841600120067,9.985,0.0,yes,26.0,2.0,2.0,2.5999999046325684,4.0,0.19400644302368164,0.3300541043281555,0.13761815428733826,0.22484232485294342,0.24887330996494741,0.2373560340510766,0.15823735603405106,0.15473209814722083,0.20080120180270405
monolithic,greedy_delta,10.0,20.0,10.157776497602462,6.847100103567984,9.087477406263352,1.0702990913391113,9.985,0.0,yes,13.0,1.0,1.0,1.2999999523162842,4.0,0.09700321406126022,0.30769777297973633,0.06880907714366913,0.19943436980247498,0.24887330996494741,0.2373560340510766,0.15823735603405106,0.15473209814722083,0.20080120180270405
